ID đơn hàng,Trạng thái đặt hàng,Checkout id,Thời Gian Đặt Hàng,Thời gian hoàn thành,Thời gian Click,Tên Shop,Shop id,Loại Shop,Item id,Tên Item,ID Model,Loại sản phẩm,Promotion id,L1 Danh mục toàn cầu,L2 Danh mục toàn cầu,L3 Danh mục toàn cầu,Giá(₫),Số lượng,Loại Hoa hồng,Đối tác chiến dịchr,Giá trị đơn hàng (₫),Số tiền hoàn trả (₫),Tỷ lệ sản phẩm hoa hồng Shope,Hoa hồng Shopee trên sản phẩm(₫),Tỷ lệ sản phẩm hoa hồng người bán,Hoa hồng Xtra trên sản phẩm(₫),Tổng hoa hồng sản phẩm(₫),Hoa hồng đơn hàng từ Shopee(₫),Hoa hồng đơn hàng từ Người bán(₫),Tổng hoa hồng đơn hàng(₫),Tên MNC đã liên kết,Mã hợp đồng MCN,Mức phí quản lý MCN,Phí quản lý MCN(₫),Mức hoa hồng tiếp thị liên kết theo thỏa thuận,Hoa hồng ròng tiếp thị liên kết(₫),Trạng thái sản phẩm liên kết,Ghi chú sản phẩm,Loại thuộc tính,Trạng thái người mua,Sub_id1,Sub_id2,Sub_id3,Sub_id4,Sub_id5,Kênh
241118G9BX77RU,Đang chờ xử lý,185559820282276,2024-11-17 23:23:40,,2024-11-17 22:11:54,Tổng Kho Sỉ Minh Khôi,94372591,Preferred(Non-CB),23435221894,"Dây Nhảy Thể Dục Cho Bé Cán Gỗ- Dây Nhảy Thể Dục Nhiều Màu Hoạt Hình cho bé - Dây Nhảy Giảm Cân Cho Trẻ Em, Bé Trai/Gái",177738014853,Normal Product,,Thể Thao & Dã Ngoại,Dụng Cụ Thể Thao & Dã Ngoại,Thiết Bị Thể Thao,23900,1,XTRA Comm,,23900,,0.00%,0,2.00%,478,478,0,1036,1036,RioMCN,1003393,0.00%,0,100.00%,1036,Đang chờ xử lý,"Trạng thái của sản phẩm đang chờ xử lý, hoa hồng sẽ chỉ được thanh toán khi nó được hoàn thành",Đơn hàng từ cùng một Shop,Đã tồn tại,,,,,,Shopeevideo-Shopee
241118G9BX77RU,Đang chờ xử lý,185559820282276,2024-11-17 23:23:40,,2024-11-17 22:11:54,Tổng Kho Sỉ Minh Khôi,94372591,Preferred(Non-CB),29053668514,Hộp Stick cơ 100 hình dán sticker Sanrio cho bé ( ~ 1000 hình ),185197149796,Normal Product,,Văn Phòng Phẩm,Sổ & Giấy Các Loại,Nhãn Dán Các Loại,27900,1,XTRA Comm,,27900,,0.00%,0,2.00%,558,558,0,0,0,RioMCN,1003393,0.00%,0,100.00%,0,Đang chờ xử lý,"Trạng thái của sản phẩm đang chờ xử lý, hoa hồng sẽ chỉ được thanh toán khi nó được hoàn thành",Đơn hàng từ cùng một Shop,Đã tồn tại,,,,,,Shopeevideo-Shopee
241117G7KTCE6Q,Đang chờ xử lý,185557937215082,2024-11-17 22:52:17,,2024-11-17 22:51:58,Compliment Viet Nam,1123337629,Shopee Mall(Non-CB),24430406679,Gel Tẩy Tế Bào Chết Da Mặt Ngăn Ngừa Mụn Compliment No Problem 150ml/100ml/80ml,251094205134,Normal Product,,Sắc Đẹp,Chăm sóc da mặt,Tẩy tế bào chết,65556,1,Shopee Comm,,50000,,0.00%,0,0.00%,0,0,0,0,0,RioMCN,1003393,0.00%,0,100.00%,0,Đang chờ xử lý,"Trạng thái của sản phẩm đang chờ xử lý, hoa hồng sẽ chỉ được thanh toán khi nó được hoàn thành",Đơn hàng từ cùng một Shop,Đã tồn tại,,,,,,Shopeevideo-Shopee
241117G69RR4AH,Đang chờ xử lý,185556526214217,2024-11-17 22:28:46,,2024-11-17 22:27:41,Cá Cảnh Happy,238978490,C2C(Non-CB),24476306302,"Lọc tràn bể cá, lọc hồ cá bằng nhựa kích thước 46x13x13cm bền bỉ màu trà trong",185055173202,Normal Product,,Chăm Sóc Thú Cưng,Phụ kiện cho thú cưng,Phụ kiện thủy sinh,109800,1,XTRA Comm,,109800,,0.00%,0,8.00%,8784,8784,0,8784,8784,RioMCN,1003393,0.00%,0,100.00%,8784,Đang chờ xử lý,"Trạng thái của sản phẩm đang chờ xử lý, hoa hồng sẽ chỉ được thanh toán khi nó được hoàn thành",Đơn hàng từ cùng một Shop,Đã tồn tại,,,,,,Shopeevideo-Shopee
241117G65HCC66,Đang chờ xử lý,185556384269704,2024-11-17 22:26:24,,2024-11-17 22:25:47,Cá Cảnh Happy,238978490,C2C(Non-CB),24476306302,"Lọc tràn bể cá, lọc hồ cá bằng nhựa kích thước 46x13x13cm bền bỉ màu trà trong",185055173202,Normal Product,,Chăm Sóc Thú Cưng,Phụ kiện cho thú cưng,Phụ kiện thủy sinh,109800,1,XTRA Comm,,109800,,0.00%,0,8.00%,8784,8784,0,8784,8784,RioMCN,1003393,0.00%,0,100.00%,8784,Đang chờ xử lý,"Trạng thái của sản phẩm đang chờ xử lý, hoa hồng sẽ chỉ được thanh toán khi nó được hoàn thành",Đơn hàng từ cùng một Shop,Đã tồn tại,,,,,,Shopeevideo-Shopee
241117G48FA2EF,Đang chờ xử lý,185554335276686,2024-11-17 21:52:15,,2024-11-17 21:49:43,Phụ Kiện Quà Tặng Cá Trứng,882521262,Shopee Mall(Non-CB),13399889742,[GG69] [MUA TỐI THIỂU 5 TỜ] Giấy Gói Quà Cao Cấp Khổ 50x70cm Loại 1 Dày Đẹp - Tiệm Cá Trứng,59711990398,Normal Product,,Văn Phòng Phẩm,Quà Tặng - Giấy Gói,Giấy Gói Quà,5500,1,XTRA Comm,,4675,,0.00%,0,2.00%,93.5,93.5,0,1008,1008,RioMCN,1003393,0.00%,0,100.00%,1008,Đang chờ xử lý,"Trạng thái của sản phẩm đang chờ xử lý, hoa hồng sẽ chỉ được thanh toán khi nó được hoàn thành",Đơn hàng từ cùng một Shop,Đã tồn tại,,,,,,Shopeevideo-Shopee
241117G48FA2EF,Đang chờ xử lý,185554335276686,2024-11-17 21:52:15,,2024-11-17 21:49:43,Phụ Kiện Quà Tặng Cá Trứng,882521262,Shopee Mall(Non-CB),14996620218,[T20] Túi Đựng Quà Sang Trọng - Ý Nghĩa Dành Cho Sinh nhật - 14/2 - 8/3 - 20/10 - Giáng sinh  - Tiệm Cá Trứng,193929205196,Normal Product,,Văn Phòng Phẩm,Quà Tặng - Giấy Gói,Túi Quà Tặng,10500,1,XTRA Comm,,8925,,0.00%,0,2.00%,178.5,178.5,0,0,0,RioMCN,1003393,0.00%,0,100.00%,0,Đang chờ xử lý,"Trạng thái của sản phẩm đang chờ xử lý, hoa hồng sẽ chỉ được thanh toán khi nó được hoàn thành",Đơn hàng từ cùng một Shop,Đã tồn tại,,,,,,Shopeevideo-Shopee
241117G48FA2EF,Đang chờ xử lý,185554335276686,2024-11-17 21:52:15,,2024-11-17 21:49:43,Phụ Kiện Quà Tặng Cá Trứng,882521262,Shopee Mall(Non-CB),16798529136,[T32] Túi Đựng Quà Sang Trọng Ý Nghĩa Dành Cho Sinh nhật - 14/2 - 8/3 - 20/10 - Noel - Tiệm Cá Trứng,187100420546,Normal Product,,Văn Phòng Phẩm,Quà Tặng - Giấy Gói,Túi Quà Tặng,18000,1,XTRA Comm,,15300,,0.00%,0,2.00%,306,306,0,0,0,RioMCN,1003393,0.00%,0,100.00%,0,Đang chờ xử lý,"Trạng thái của sản phẩm đang chờ xử lý, hoa hồng sẽ chỉ được thanh toán khi nó được hoàn thành",Đơn hàng từ cùng một Shop,Đã tồn tại,,,,,,Shopeevideo-Shopee
241117G48FA2EF,Đang chờ xử lý,185554335276686,2024-11-17 21:52:15,,2024-11-17 21:49:43,Phụ Kiện Quà Tặng Cá Trứng,882521262,Shopee Mall(Non-CB),21270620840,[T13] Túi Đựng Quà Sang Trọng - Ý Nghĩa Dành Cho Sinh nhật - 14/2 - 8/3 - 20/10 - Giáng sinh  - Tiệm Cá Trứng,98567348198,Normal Product,,Văn Phòng Phẩm,Quà Tặng - Giấy Gói,Túi Quà Tặng,6200,1,XTRA Comm,,6200,,0.00%,0,2.00%,124,124,0,0,0,RioMCN,1003393,0.00%,0,100.00%,0,Đang chờ xử lý,"Trạng thái của sản phẩm đang chờ xử lý, hoa hồng sẽ chỉ được thanh toán khi nó được hoàn thành",Đơn hàng từ cùng một Shop,Đã tồn tại,,,,,,Shopeevideo-Shopee
241117G48FA2EF,Đang chờ xử lý,185554335276686,2024-11-17 21:52:15,,2024-11-17 21:49:43,Phụ Kiện Quà Tặng Cá Trứng,882521262,Shopee Mall(Non-CB),25680204644,[T49] Túi Đựng Quà Sang Trọng Ý Nghĩa Dành Cho Sinh nhật - 14/2 - 8/3 - 20/10 - Noel - Tiệm Cá Trứng,128940214297,Normal Product,,Văn Phòng Phẩm,Quà Tặng - Giấy Gói,Túi Quà Tặng,18000,1,XTRA Comm,,15300,,0.00%,0,2.00%,306,306,0,0,0,RioMCN,1003393,0.00%,0,100.00%,0,Đang chờ xử lý,"Trạng thái của sản phẩm đang chờ xử lý, hoa hồng sẽ chỉ được thanh toán khi nó được hoàn thành",Đơn hàng từ cùng một Shop,Đã tồn tại,,,,,,Shopeevideo-Shopee
241117G40479W1,Đang chờ xử lý,185554055219126,2024-11-17 21:47:35,,2024-11-17 18:20:13,HaChi Sneaker,1003552013,C2C(Non-CB),26855298770,"[Ảnh thật] Sục Adidas Adifom Superstar_Mule, sục đạp gót ADIFOM cao 4cm hottrend hàng S.cấp full bill box",246323051325,Normal Product,,Giày Dép Nữ,Giày đế bằng,Giày sục & Giày búp bê,145000,1,Shopee Comm,,93100,,0.00%,0,0.00%,0,0,0,0,0,RioMCN,1003393,0.00%,0,100.00%,0,Đang chờ xử lý,"Trạng thái của sản phẩm đang chờ xử lý, hoa hồng sẽ chỉ được thanh toán khi nó được hoàn thành",Đơn hàng từ cùng một Shop,Đã tồn tại,,,,,,Shopeevideo-Shopee
241117G3MM56U1,Đang chờ xử lý,185553669277742,2024-11-17 21:41:10,,2024-11-17 21:40:57,chichi stony shop,1177237874,Preferred(Non-CB),24661764152,Hộp 50 miếng Mặt nạ nhau thai cừu,197302456364,Normal Product,,Sắc Đẹp,Chăm sóc da mặt,Mặt nạ,112000,1,XTRA Comm,,112000,,0.00%,0,2.00%,2240,2240,0,2240,2240,RioMCN,1003393,0.00%,0,100.00%,2240,Đang chờ xử lý,"Trạng thái của sản phẩm đang chờ xử lý, hoa hồng sẽ chỉ được thanh toán khi nó được hoàn thành",Đơn hàng từ cùng một Shop,Đã tồn tại,,,,,,Shopeevideo-Shopee
241117G2H2EBPF,Đang chờ xử lý,185552476296868,2024-11-17 21:21:17,,2024-11-17 21:19:04,Shop Áo Dài Duy Hòa,549748262,Preferred(Non-CB),27651649289,"Áo dài truyền thống GẤM HOA GẮN NƠ cổ tròn màu hồng dịu dàng nữ tính, áo dài giáo viên hot trend 2024- áo dài DUY HÒA",226401891006,Normal Product,,Thời Trang Nữ,Đồ truyền thống,Bộ,299000,1,XTRA Comm,,275080,,0.00%,0,10.00%,27508,27508,0,27508,27508,RioMCN,1003393,0.00%,0,100.00%,27508,Đang chờ xử lý,"Trạng thái của sản phẩm đang chờ xử lý, hoa hồng sẽ chỉ được thanh toán khi nó được hoàn thành",Đơn hàng từ cùng một Shop,Đã tồn tại,,,,,,Shopeevideo-Shopee
241117G276R0CT,Đang chờ xử lý,185552145259548,2024-11-17 21:15:45,,2024-11-17 21:14:13,Lucky Kitchenware Home,824128687,Preferred(CB),20487117853,"🎨Gồm 77 màu📌cuộn bông gòn 100g sợi 3mm Dùng để thêu, móc khăn quàng cổ và mũ",138824179659,Normal Product,,Sở thích & Sưu tầm,Dụng Cụ May Vá,,19000,1,XTRA Comm,,17290,,0.00%,0,4.00%,691.6,691.6,0,5085.6,5085.6,RioMCN,1003393,0.00%,0,100.00%,5085.6,Đang chờ xử lý,"Trạng thái của sản phẩm đang chờ xử lý, hoa hồng sẽ chỉ được thanh toán khi nó được hoàn thành",Đơn hàng từ cùng một Shop,Đã tồn tại,,,,,,Shopeevideo-Shopee
241117G276R0CT,Đang chờ xử lý,185552145259548,2024-11-17 21:15:45,,2024-11-17 21:14:13,Lucky Kitchenware Home,824128687,Preferred(CB),20487117853,"🎨Gồm 77 màu📌cuộn bông gòn 100g sợi 3mm Dùng để thêu, móc khăn quàng cổ và mũ",138824179659,Normal Product,0_236090032718180_1,Sở thích & Sưu tầm,Dụng Cụ May Vá,,18810,1,XTRA Comm,,17118,,0.00%,0,4.00%,684.72,684.72,0,0,0,RioMCN,1003393,0.00%,0,100.00%,0,Đang chờ xử lý,"Trạng thái của sản phẩm đang chờ xử lý, hoa hồng sẽ chỉ được thanh toán khi nó được hoàn thành",Đơn hàng từ cùng một Shop,Đã tồn tại,,,,,,Shopeevideo-Shopee
241117G276R0CT,Đang chờ xử lý,185552145259548,2024-11-17 21:15:45,,2024-11-17 21:14:13,Lucky Kitchenware Home,824128687,Preferred(CB),20487117853,"🎨Gồm 77 màu📌cuộn bông gòn 100g sợi 3mm Dùng để thêu, móc khăn quàng cổ và mũ",250108243840,Normal Product,0_236090032718180_1,Sở thích & Sưu tầm,Dụng Cụ May Vá,,18810,2,XTRA Comm,,34234,,0.00%,0,4.00%,1369.36,1369.36,0,0,0,RioMCN,1003393,0.00%,0,100.00%,0,Đang chờ xử lý,"Trạng thái của sản phẩm đang chờ xử lý, hoa hồng sẽ chỉ được thanh toán khi nó được hoàn thành",Đơn hàng từ cùng một Shop,Đã tồn tại,,,,,,Shopeevideo-Shopee
241117G276R0CT,Đang chờ xử lý,185552145259548,2024-11-17 21:15:45,,2024-11-17 21:14:13,Lucky Kitchenware Home,824128687,Preferred(CB),24055476787,"Len nhung đũa mềm mại, đủ màu cuộn 100g cỡ sợi 5mm Dùng Để Móc Gấu Dâu,Thú Bông Hoặc Đan Khăn Quàng Len Sợi To",138830511180,Normal Product,,Thời Trang Nữ,Vải,Vải len,18000,1,XTRA Comm,,16380,,0.00%,0,4.00%,655.2,655.2,0,0,0,RioMCN,1003393,0.00%,0,100.00%,0,Đang chờ xử lý,"Trạng thái của sản phẩm đang chờ xử lý, hoa hồng sẽ chỉ được thanh toán khi nó được hoàn thành",Đơn hàng từ cùng một Shop,Đã tồn tại,,,,,,Shopeevideo-Shopee
241117G276R0CT,Đang chờ xử lý,185552145259548,2024-11-17 21:15:45,,2024-11-17 21:14:13,Lucky Kitchenware Home,824128687,Preferred(CB),24055476787,"Len nhung đũa mềm mại, đủ màu cuộn 100g cỡ sợi 5mm Dùng Để Móc Gấu Dâu,Thú Bông Hoặc Đan Khăn Quàng Len Sợi To",138830511180,Normal Product,0_228479925293279_2,Thời Trang Nữ,Vải,Vải len,17640,2,XTRA Comm,,32105,,0.00%,0,4.00%,1284.2,1284.2,0,0,0,RioMCN,1003393,0.00%,0,100.00%,0,Đang chờ xử lý,"Trạng thái của sản phẩm đang chờ xử lý, hoa hồng sẽ chỉ được thanh toán khi nó được hoàn thành",Đơn hàng từ cùng một Shop,Đã tồn tại,,,,,,Shopeevideo-Shopee
241117G276R0CT,Đang chờ xử lý,185552145259548,2024-11-17 21:15:45,,2024-11-17 21:14:13,Lucky Kitchenware Home,824128687,Preferred(CB),24956362475,Cuộn Dây Ruy Băng Satin 50 Màu Kích Thước 20mm / 22m dùng đóng gói quà tặng trang trí tiệc cưới/lễ hội DIY,98856227608,Normal Product,,Văn Phòng Phẩm,Quà Tặng - Giấy Gói,Ruy Băng,11000,1,XTRA Comm,,10013,,0.00%,0,4.00%,400.52,400.52,0,0,0,RioMCN,1003393,0.00%,0,100.00%,0,Đang chờ xử lý,"Trạng thái của sản phẩm đang chờ xử lý, hoa hồng sẽ chỉ được thanh toán khi nó được hoàn thành",Đơn hàng từ cùng một Shop,Đã tồn tại,,,,,,Shopeevideo-Shopee
241117FXEN56XH,Đang chờ xử lý,185548100280925,2024-11-17 20:08:21,,2024-11-17 20:07:30,GARUDA_OFFICIAL,1065762298,Shopee Mall(Non-CB),24579256492,"Máy sấy tóc chính hãng garuda cao cấp, công suất 2600w có ion âm 2 cấp độ gió 3 cấp độ nhiệt, nhựa pp chống cháy",69424515627,Normal Product,,Sắc Đẹp,Dụng cụ làm đẹp,Dụng cụ chăm sóc tóc,379000,1,XTRA Comm,,279000,,0.00%,0,2.00%,5580,5580,0,5580,5580,RioMCN,1003393,0.00%,0,100.00%,5580,Đang chờ xử lý,"Trạng thái của sản phẩm đang chờ xử lý, hoa hồng sẽ chỉ được thanh toán khi nó được hoàn thành",Đơn hàng từ cùng một Shop,Đã tồn tại,,,,,,Shopeevideo-Shopee
241117FX5UT7N3,Đang chờ xử lý,185547805274715,2024-11-17 20:03:26,,2024-11-17 20:02:13,Compliment Viet Nam,1123337629,Shopee Mall(Non-CB),24430406679,Gel Tẩy Tế Bào Chết Da Mặt Ngăn Ngừa Mụn Compliment No Problem 150ml/100ml/80ml,251094205134,Normal Product,,Sắc Đẹp,Chăm sóc da mặt,Tẩy tế bào chết,65556,2,Shopee Comm,,118000,,0.00%,0,0.00%,0,0,0,0,0,RioMCN,1003393,0.00%,0,100.00%,0,Đang chờ xử lý,"Trạng thái của sản phẩm đang chờ xử lý, hoa hồng sẽ chỉ được thanh toán khi nó được hoàn thành",Đơn hàng từ cùng một Shop,Đã tồn tại,,,,,,Shopeevideo-Shopee
241117FWPXY6T9,Đang chờ xử lý,185547305269762,2024-11-17 19:55:05,,2024-11-17 19:54:30,Unicharm - Gian hàng Chính hãng,63524190,Shopee Mall(Non-CB),23702436033,Bộ 4 gói băng vệ sinh Diana siêu thấm siêu mỏng cánh 20 miếng/gói,107632784455,Normal Product,,Sức Khỏe,Chăm sóc cá nhân,Chăm sóc phụ nữ,180000,1,Shopee Comm,,168000,,0.00%,0,0.00%,0,0,0,0,0,RioMCN,1003393,0.00%,0,100.00%,0,Đang chờ xử lý,"Trạng thái của sản phẩm đang chờ xử lý, hoa hồng sẽ chỉ được thanh toán khi nó được hoàn thành",Đơn hàng từ cùng một Shop,Đã tồn tại,,,,,,Shopeevideo-Shopee
241117FWHAQSFT,Đang chờ xử lý,185547116277112,2024-11-17 19:51:57,,2024-11-17 19:48:27,Unicharm - Gian hàng Chính hãng,63524190,Shopee Mall(Non-CB),23702436033,Bộ 4 gói băng vệ sinh Diana siêu thấm siêu mỏng cánh 20 miếng/gói,107632784455,Normal Product,,Sức Khỏe,Chăm sóc cá nhân,Chăm sóc phụ nữ,180000,1,Shopee Comm,,165600,,0.00%,0,0.00%,0,0,0,0,0,RioMCN,1003393,0.00%,0,100.00%,0,Đang chờ xử lý,"Trạng thái của sản phẩm đang chờ xử lý, hoa hồng sẽ chỉ được thanh toán khi nó được hoàn thành",Đơn hàng từ cùng một Shop,Đã tồn tại,,,,,,Shopeevideo-Shopee
241117FG3X6X3M,Đang chờ xử lý,185532708297685,2024-11-17 15:51:49,,2024-11-17 02:32:50,HaChi Sneaker,1003552013,C2C(Non-CB),26855298770,"[Ảnh thật] Sục Adidas Adifom Superstar_Mule, sục đạp gót ADIFOM cao 4cm hottrend hàng S.cấp full bill box",246323051327,Normal Product,,Giày Dép Nữ,Giày đế bằng,Giày sục & Giày búp bê,145000,1,Shopee Comm,,95000,,0.00%,0,0.00%,0,0,0,0,0,RioMCN,1003393,0.00%,0,100.00%,0,Đang chờ xử lý,"Trạng thái của sản phẩm đang chờ xử lý, hoa hồng sẽ chỉ được thanh toán khi nó được hoàn thành",Đơn hàng từ cùng một Shop,Mới,,,,,,Shopeevideo-Shopee
241117FE683QW8,Đang chờ xử lý,185530638298596,2024-11-17 15:17:18,,2024-11-17 15:16:16,Cocolux.com,518715302,Shopee Mall(Non-CB),24583235912,Mascara Lông Mày Peripera Speedy Skinny Brow 3g,256161810053,Normal Product,,Sắc Đẹp,Trang điểm,Trang điểm mắt,110000,1,XTRA Comm,,99000,,0.00%,0,5.00%,4950,4950,0,4950,4950,RioMCN,1003393,0.00%,0,100.00%,4950,Đang chờ xử lý,"Trạng thái của sản phẩm đang chờ xử lý, hoa hồng sẽ chỉ được thanh toán khi nó được hoàn thành",Đơn hàng từ cùng một Shop,Đã tồn tại,,,,,,Shopeevideo-Shopee
241117FDPQ7G3D,Đang chờ xử lý,185530117270668,2024-11-17 15:08:38,,2024-11-17 14:27:35,Kute_Store,65081112,Preferred(Non-CB),21096043555,"Khăn Mặt 35x75cm Tập Thể Thao: Gym, Yoga, Chạy Bộ... Kiểu Dáng Thời Trang Mềm Mịn Thấm Hút Tốt",166273547243,Normal Product,,Thể Thao & Dã Ngoại,Phụ Kiện Thể Thao & Dã Ngoại,Phụ Kiện Tập Luyện,34000,1,Shopee Comm,,34000,,0.00%,0,0.00%,0,0,0,0,0,RioMCN,1003393,0.00%,0,100.00%,0,Đang chờ xử lý,"Trạng thái của sản phẩm đang chờ xử lý, hoa hồng sẽ chỉ được thanh toán khi nó được hoàn thành",Đơn hàng từ cùng một Shop,Đã tồn tại,,,,,,Shopeevideo-Shopee
241117FDPQ7G3D,Đang chờ xử lý,185530117270668,2024-11-17 15:08:38,,2024-11-17 14:27:35,Kute_Store,65081112,Preferred(Non-CB),21096043555,"Khăn Mặt 35x75cm Tập Thể Thao: Gym, Yoga, Chạy Bộ... Kiểu Dáng Thời Trang Mềm Mịn Thấm Hút Tốt",247029649298,Normal Product,,Thể Thao & Dã Ngoại,Phụ Kiện Thể Thao & Dã Ngoại,Phụ Kiện Tập Luyện,37000,1,Shopee Comm,,37000,,0.00%,0,0.00%,0,0,0,0,0,RioMCN,1003393,0.00%,0,100.00%,0,Đang chờ xử lý,"Trạng thái của sản phẩm đang chờ xử lý, hoa hồng sẽ chỉ được thanh toán khi nó được hoàn thành",Đơn hàng từ cùng một Shop,Đã tồn tại,,,,,,Shopeevideo-Shopee
241117FDPQ7G3D,Đang chờ xử lý,185530117270668,2024-11-17 15:08:38,,2024-11-17 14:27:35,Kute_Store,65081112,Preferred(Non-CB),12476629072,Khăn Tắm Khổ Lớn 70x140 Cao Cấp Dày Dặn Hình Thú Siêu Dễ Thương Lông Khăn Mềm Mịn Thấm Hút Nước Cực Tốt,168539984640,Normal Product,,Nhà cửa & Đời sống,Đồ dùng phòng tắm,"Khăn mặt, khăn tắm, áo choàng tắm",75000,1,Shopee Comm,,75000,,0.00%,0,0.00%,0,0,0,0,0,RioMCN,1003393,0.00%,0,100.00%,0,Đang chờ xử lý,"Trạng thái của sản phẩm đang chờ xử lý, hoa hồng sẽ chỉ được thanh toán khi nó được hoàn thành",Đơn hàng từ cùng một Shop,Đã tồn tại,,,,,,Shopeevideo-Shopee
241117FDPQ7G3D,Đang chờ xử lý,185530117270668,2024-11-17 15:08:38,,2024-11-17 14:27:35,Kute_Store,65081112,Preferred(Non-CB),21096043555,"Khăn Mặt 35x75cm Tập Thể Thao: Gym, Yoga, Chạy Bộ... Kiểu Dáng Thời Trang Mềm Mịn Thấm Hút Tốt",166273547239,Normal Product,,Thể Thao & Dã Ngoại,Phụ Kiện Thể Thao & Dã Ngoại,Phụ Kiện Tập Luyện,34000,1,Shopee Comm,,34000,,0.00%,0,0.00%,0,0,0,0,0,RioMCN,1003393,0.00%,0,100.00%,0,Đang chờ xử lý,"Trạng thái của sản phẩm đang chờ xử lý, hoa hồng sẽ chỉ được thanh toán khi nó được hoàn thành",Đơn hàng từ cùng một Shop,Đã tồn tại,,,,,,Shopeevideo-Shopee
241117FD8QVBQD,Đang chờ xử lý,185529648209739,2024-11-17 15:00:48,,2024-11-17 15:00:22,On1 Việt Nam,271970871,Shopee Mall(Non-CB),11166005232,Túi nước giặt xả ON1 matic hương Garden Of Fame 3.5kg N7003 - Dành cho máy giặt cửa trước,103523080725,Normal Product,,Nhà cửa & Đời sống,Dụng cụ chăm sóc nhà cửa,Phụ kiện giặt là,139000,1,Shopee Comm,,39000,,0.00%,0,0.00%,0,0,0,0,0,RioMCN,1003393,0.00%,0,100.00%,0,Đang chờ xử lý,"Trạng thái của sản phẩm đang chờ xử lý, hoa hồng sẽ chỉ được thanh toán khi nó được hoàn thành",Đơn hàng từ cùng một Shop,Đã tồn tại,,,,,,Shopeevideo-Shopee
241117FB27HH65,Đang chờ xử lý,185527282253046,2024-11-17 14:21:22,,2024-11-17 14:09:50,Kho Sỉ Đồ Lót 93,291376397,Preferred(Non-CB),15174922664,Quần Lót Cotton Viền Ren Phối Dây Đan Chéo Sexy 027,125243891510,Normal Product,,Thời Trang Nữ,Đồ lót,Quần lót,21500,1,XTRA Comm,,19780,,0.00%,0,3.00%,593.4,593.4,0,1529.04,1529.04,RioMCN,1003393,0.00%,0,100.00%,1529.04,Đang chờ xử lý,"Trạng thái của sản phẩm đang chờ xử lý, hoa hồng sẽ chỉ được thanh toán khi nó được hoàn thành",Đơn hàng từ cùng một Shop,Đã tồn tại,,,,,,Shopeevideo-Shopee
241117FB27HH65,Đang chờ xử lý,185527282253046,2024-11-17 14:21:22,,2024-11-17 14:09:50,Kho Sỉ Đồ Lót 93,291376397,Preferred(Non-CB),28152899084,-Áo Bra Nữ 2 Dây Dáng Dài Kèm Mút Ngưc Thiết Kế Sườn May Nhún Điệu Đà mã  2318,222902159486,Normal Product,,Thời Trang Nữ,Áo,Áo hai dây và ba lỗ,33900,1,XTRA Comm,,31188,,0.00%,0,3.00%,935.64,935.64,0,0,0,RioMCN,1003393,0.00%,0,100.00%,0,Đang chờ xử lý,"Trạng thái của sản phẩm đang chờ xử lý, hoa hồng sẽ chỉ được thanh toán khi nó được hoàn thành",Đơn hàng từ cùng một Shop,Đã tồn tại,,,,,,Shopeevideo-Shopee
241117FA6HH7E7,Đang chờ xử lý,185526353218556,2024-11-17 14:05:53,,2024-11-17 14:04:38,TINY HOUSE - TIỆM ĐỒ DECOR,1096776101,Preferred(Non-CB),24304965454,Giỏ Vải Canvas Đựng Đồ Túi Vải Đa Năng Đựng Quần Áo Trước Khi Giặt Có Lớp Lót Chống Nước - Tiny House,245129771932,Normal Product,,Nhà cửa & Đời sống,Sắp xếp nhà cửa,"Túi giặt, giỏ đựng quần áo",29000,2,XTRA Comm,,58000,,0.00%,0,12.00%,6960,6960,0,6960,6960,RioMCN,1003393,0.00%,0,100.00%,6960,Đang chờ xử lý,"Trạng thái của sản phẩm đang chờ xử lý, hoa hồng sẽ chỉ được thanh toán khi nó được hoàn thành",Đơn hàng từ cùng một Shop,Đã tồn tại,,,,,,Shopeevideo-Shopee
241117F83GQV5S,Đang chờ xử lý,185524104231225,2024-11-17 13:28:24,,2024-11-17 13:27:54,Bạc Xinh MAINOMI,263755940,Shopee Mall(Non-CB),11709796355,"Dây chuyền bạc mặt chữ cái phồng, thiết kế nhỏ xinh độc đáo có thể kết hợp đeo đôi Mainomi",151856777525,Normal Product,,Phụ Kiện Thời Trang,Dây chuyền,,139000,1,XTRA Comm,,139000,,0.00%,0,10.00%,13900,13900,0,13900,13900,RioMCN,1003393,0.00%,0,100.00%,13900,Đang chờ xử lý,"Trạng thái của sản phẩm đang chờ xử lý, hoa hồng sẽ chỉ được thanh toán khi nó được hoàn thành",Đơn hàng từ cùng một Shop,Đã tồn tại,,,,,,Shopeevideo-Shopee
241117F5P334WV,Đang chờ xử lý,185521506232545,2024-11-17 12:45:06,,2024-11-15 20:02:18,H.M.L_ STORE,667429074,C2C(Non-CB),23564623017,"Giá treo vung xoong nắp nồi gắn tường inox 304 không cần khoan,hút chân không,nhiều tầng, đa năng, thông minh,sang trọng",89615078086,Normal Product,,Nhà cửa & Đời sống,Dụng cụ nhà bếp,Kệ để đồ nhà bếp,99000,1,Shopee Comm,,91000,,0.00%,0,0.00%,0,0,0,0,0,RioMCN,1003393,0.00%,0,100.00%,0,Đang chờ xử lý,"Trạng thái của sản phẩm đang chờ xử lý, hoa hồng sẽ chỉ được thanh toán khi nó được hoàn thành",Đơn hàng từ cùng một Shop,Đã tồn tại,,,,,,Shopeevideo-Shopee
241117F22GRDMD,Đang chờ xử lý,185517628248041,2024-11-17 11:40:29,,2024-11-17 11:39:47,HaChi Sneaker,1003552013,C2C(Non-CB),26855298770,"[Ảnh thật] Sục Adidas Adifom Superstar_Mule, sục đạp gót ADIFOM cao 4cm hottrend hàng S.cấp full bill box",148733662857,Normal Product,,Giày Dép Nữ,Giày đế bằng,Giày sục & Giày búp bê,145000,1,Shopee Comm,,133400,,0.00%,0,0.00%,0,0,0,0,0,RioMCN,1003393,0.00%,0,100.00%,0,Đang chờ xử lý,"Trạng thái của sản phẩm đang chờ xử lý, hoa hồng sẽ chỉ được thanh toán khi nó được hoàn thành",Đơn hàng từ cùng một Shop,Đã tồn tại,,,,,,Shopeevideo-Shopee
241117F22GRDMD,Đang chờ xử lý,185517628248041,2024-11-17 11:40:29,,2024-11-17 11:39:47,HaChi Sneaker,1003552013,C2C(Non-CB),26855298770,"[Ảnh thật] Sục Adidas Adifom Superstar_Mule, sục đạp gót ADIFOM cao 4cm hottrend hàng S.cấp full bill box",148733662858,Normal Product,,Giày Dép Nữ,Giày đế bằng,Giày sục & Giày búp bê,145000,1,Shopee Comm,,133400,,0.00%,0,0.00%,0,0,0,0,0,RioMCN,1003393,0.00%,0,100.00%,0,Đang chờ xử lý,"Trạng thái của sản phẩm đang chờ xử lý, hoa hồng sẽ chỉ được thanh toán khi nó được hoàn thành",Đơn hàng từ cùng một Shop,Đã tồn tại,,,,,,Shopeevideo-Shopee
241117F19DQB0Q,Đang chờ xử lý,185516786208744,2024-11-17 11:26:26,,2024-11-17 02:25:50,HaChi Sneaker,1003552013,C2C(Non-CB),26855298770,"[Ảnh thật] Sục Adidas Adifom Superstar_Mule, sục đạp gót ADIFOM cao 4cm hottrend hàng S.cấp full bill box",246323051327,Normal Product,,Giày Dép Nữ,Giày đế bằng,Giày sục & Giày búp bê,145000,1,Shopee Comm,,130500,,0.00%,0,0.00%,0,0,0,0,0,RioMCN,1003393,0.00%,0,100.00%,0,Đang chờ xử lý,"Trạng thái của sản phẩm đang chờ xử lý, hoa hồng sẽ chỉ được thanh toán khi nó được hoàn thành",Đơn hàng từ cùng một Shop,Đã tồn tại,,,,,,Shopeevideo-Shopee
241117F0BSTE9E,Đang chờ xử lý,185515792250175,2024-11-17 11:09:52,,2024-11-15 22:50:49,Hamster Đoàn Kết,74691018,Preferred(Non-CB),27610587017,"[20gam] Cá sợi dinh dưỡng cho hamster, sóc bay",223196970728,Normal Product,,Chăm Sóc Thú Cưng,Thức ăn cho thú cưng,Snack cho thú nhỏ,12500,1,XTRA Comm,,11750,,0.00%,0,2.00%,235,235,0,1513.4,1513.4,RioMCN,1003393,0.00%,0,100.00%,1513.4,Đang chờ xử lý,"Trạng thái của sản phẩm đang chờ xử lý, hoa hồng sẽ chỉ được thanh toán khi nó được hoàn thành",Đơn hàng từ cùng một Shop,Đã tồn tại,,,,,,Shopeevideo-Shopee
241117F0BSTE9E,Đang chờ xử lý,185515792250175,2024-11-17 11:09:52,,2024-11-15 22:50:49,Hamster Đoàn Kết,74691018,Preferred(Non-CB),25608131732,Trái bắp mini mài răng cho hamster,59484495810,Normal Product,,Chăm Sóc Thú Cưng,Thức ăn cho thú cưng,Snack cho thú nhỏ,56000,1,XTRA Comm,,52640,,0.00%,0,2.00%,1052.8,1052.8,0,0,0,RioMCN,1003393,0.00%,0,100.00%,0,Đang chờ xử lý,"Trạng thái của sản phẩm đang chờ xử lý, hoa hồng sẽ chỉ được thanh toán khi nó được hoàn thành",Đơn hàng từ cùng một Shop,Đã tồn tại,,,,,,Shopeevideo-Shopee
241117F0BSTE9E,Đang chờ xử lý,185515792250175,2024-11-17 11:09:52,,2024-11-15 22:50:49,Hamster Đoàn Kết,74691018,Preferred(Non-CB),27610587017,"[20gam] Cá sợi dinh dưỡng cho hamster, sóc bay",223196970727,Normal Product,,Chăm Sóc Thú Cưng,Thức ăn cho thú cưng,Snack cho thú nhỏ,12000,1,XTRA Comm,,11280,,0.00%,0,2.00%,225.6,225.6,0,0,0,RioMCN,1003393,0.00%,0,100.00%,0,Đang chờ xử lý,"Trạng thái của sản phẩm đang chờ xử lý, hoa hồng sẽ chỉ được thanh toán khi nó được hoàn thành",Đơn hàng từ cùng một Shop,Đã tồn tại,,,,,,Shopeevideo-Shopee
241117EYU3RXXC,Đang chờ xử lý,185515232267505,2024-11-17 11:00:32,,2024-11-17 10:15:42,Thiên Long Official Store,101480242,Shopee Mall(Non-CB),1636049014,Bút sáp dầu học sinh màu Pastel Thiên Long Colokit Doraemon OP-C08/DO -18 màu - tặng kẹp chống bẩn và chuốt sáp,42116670784,Normal Product,,Văn Phòng Phẩm,Họa cụ,Bút Màu & Phấn Màu,26730,1,XTRA Comm,,26730,,0.00%,0,10.00%,2673,2673,0,2673,2673,RioMCN,1003393,0.00%,0,100.00%,2673,Đang chờ xử lý,"Trạng thái của sản phẩm đang chờ xử lý, hoa hồng sẽ chỉ được thanh toán khi nó được hoàn thành",Đơn hàng từ cùng một Shop,Đã tồn tại,,,,,,Shopeevideo-Shopee
241117EYPC4TY3,Đang chờ xử lý,185515073278045,2024-11-17 10:57:54,,2024-11-17 10:57:03,Giày của bé 365 Live 21-23H,92928273,Preferred(Non-CB),20878889813,Giày tập đi đế dẻo siêu mềm cho bé họa tiết gấu xinh xắn  vải Canvas Sz17-28 Giày của bé 365 M203,221512913711,Normal Product,,Thời trang trẻ em & trẻ sơ sinh,Giày bé gái,Giày lười,85000,1,XTRA Comm,,68000,,0.00%,0,2.00%,1360,1360,0,1360,1360,RioMCN,1003393,0.00%,0,100.00%,1360,Đang chờ xử lý,"Trạng thái của sản phẩm đang chờ xử lý, hoa hồng sẽ chỉ được thanh toán khi nó được hoàn thành",Đơn hàng từ cùng một Shop,Đã tồn tại,,,,,,Shopeevideo-Shopee
241117EWSA05TW,Đang chờ xử lý,185513024203014,2024-11-17 10:23:44,,2024-11-17 10:09:53,radioworld.vn,304163331,Shopee Mall(CB),25433802076,Ấm đun nước cổ ngỗng điện 1200W Nồi hơi nước mạnh mẽ và nhanh bằng thép không gỉ bên trong NTC Điều khiển nhiệt độ Màn hình LCD ,215257288638,Normal Product,,Nhà cửa & Đời sống,Dụng cụ nhà bếp,Khác,1182113,1,XTRA Comm,,1055902,,0.00%,0,7.00%,73913.14,73913.14,0,73913.14,73913.14,RioMCN,1003393,0.00%,0,100.00%,73913.14,Đang chờ xử lý,"Trạng thái của sản phẩm đang chờ xử lý, hoa hồng sẽ chỉ được thanh toán khi nó được hoàn thành",Đơn hàng từ cùng một Shop,Đã tồn tại,,,,,,Shopeevideo-Shopee
241117EVDVH22G,Đang chờ xử lý,185511567231679,2024-11-17 09:59:27,,2024-11-17 09:58:04,TỔNG-KHO-GIÁ-SỈ,197377150,Preferred(Non-CB),4114490784,"Lều thay đồ cắm trại tự bung, lều vệ sinh dã ngoại kín đáo bền đẹp LWC-Z7",73539685129,Normal Product,,Thể Thao & Dã Ngoại,Dụng Cụ Thể Thao & Dã Ngoại,Cắm Trại & Dã ngoại,278000,1,XTRA Comm,,250200,,0.00%,0,3.00%,7506,7506,0,7506,7506,RioMCN,1003393,0.00%,0,100.00%,7506,Đang chờ xử lý,"Trạng thái của sản phẩm đang chờ xử lý, hoa hồng sẽ chỉ được thanh toán khi nó được hoàn thành",Đơn hàng từ cùng một Shop,Đã tồn tại,,,,,,Shopeevideo-Shopee
241117EUD79DQ6,Đang chờ xử lý,185510471227291,2024-11-17 09:41:11,,2024-11-14 20:49:33,Siêu Thị Viên Rửa Bát Finish,1083426499,C2C(Non-CB),23356378018,Gel Rửa Chén Finish All In 1 Max Eco 0% Không Mùi Không Hóa Chất Nhập Khẩu Châu Âu Chính Hãng Chai 900ml,69353830087,Normal Product,,Nhà cửa & Đời sống,Dụng cụ chăm sóc nhà cửa,Chất tẩy rửa,289000,1,Shopee Comm,,268770,,0.00%,0,0.00%,0,0,0,0,0,RioMCN,1003393,0.00%,0,100.00%,0,Đang chờ xử lý,"Trạng thái của sản phẩm đang chờ xử lý, hoa hồng sẽ chỉ được thanh toán khi nó được hoàn thành",Đơn hàng từ cùng một Shop,Đã tồn tại,,,,,,Shopeevideo-Shopee
241117ESXY7SDJ,Đang chờ xử lý,185508919274098,2024-11-17 09:15:20,,2024-11-17 09:14:48,ĐẶC SẢN BAN MÊ - 47,113236722,C2C(Non-CB),5441408579,CÀ PHÊ UY TÍN Loại S (500g)-Cà Phê Bột Nổi Tiếng Buôn Mê Thuột,21205921720,Normal Product,,Thực phẩm và đồ uống,Đồ uống,Cà phê,87900,4,Shopee Comm,,323472,,0.00%,0,0.00%,0,0,0,0,0,RioMCN,1003393,0.00%,0,100.00%,0,Đang chờ xử lý,"Trạng thái của sản phẩm đang chờ xử lý, hoa hồng sẽ chỉ được thanh toán khi nó được hoàn thành",Đơn hàng từ cùng một Shop,Đã tồn tại,,,,,,Shopeevideo-Shopee
241117EPVXK75G,Đang chờ xử lý,185505630266846,2024-11-17 08:20:30,,2024-11-17 08:20:04,Xưởng May Hải Phúc VN,7782867,Preferred(Non-CB),22427017124,[Mã FATREND0911 giảm đến 30k tối đa 99k] Áo croptop dây rút gấu Honey Haiphuc,165622033720,Normal Product,,Thời Trang Nữ,Áo,Áo thun,34000,1,XTRA Comm,,33000,,0.00%,0,2.00%,660,660,0,660,660,RioMCN,1003393,0.00%,0,100.00%,660,Đang chờ xử lý,"Trạng thái của sản phẩm đang chờ xử lý, hoa hồng sẽ chỉ được thanh toán khi nó được hoàn thành",Đơn hàng từ cùng một Shop,Đã tồn tại,,,,,,Shopeevideo-Shopee
241117EPHBJF43,Đang chờ xử lý,185505241226284,2024-11-17 08:14:01,,2024-11-17 08:13:03,HCTools Vietnam Official Store,989725919,Shopee Mall(Non-CB),17394933420,Tô vít 4 cạnh cách điện Vessel No.225+2x150 Made in Japan I HCTools,88927243886,Normal Product,,Nhà cửa & Đời sống,Dụng cụ & Thiết bị tiện ích,Dụng cụ,110000,2,Shopee Comm,,202400,,0.00%,0,0.00%,0,0,0,0,0,RioMCN,1003393,0.00%,0,100.00%,0,Đang chờ xử lý,"Trạng thái của sản phẩm đang chờ xử lý, hoa hồng sẽ chỉ được thanh toán khi nó được hoàn thành",Đơn hàng từ cùng một Shop,Đã tồn tại,,,,,,Shopeevideo-Shopee
241117ENXHT83J,Đang chờ xử lý,185504610233864,2024-11-17 08:03:31,,2024-11-16 23:46:17,Dưa Hấu Yugioh,197148130,Preferred(Non-CB),4982667708,Túi thẻ bài thật Yugioh RC03 Rarity Collection Prismatic Secret Edition  - 1 túi 4 lá thẻ bài - Nhập Khẩu từ Hàn Quốc,44291105521,Normal Product,,Sở thích & Sưu tầm,Đồ chơi - Giải trí,Đồ chơi thẻ bài & boardgame,40000,2,Shopee Comm,,80000,,0.00%,0,0.00%,0,0,0,0,0,RioMCN,1003393,0.00%,0,100.00%,0,Đang chờ xử lý,"Trạng thái của sản phẩm đang chờ xử lý, hoa hồng sẽ chỉ được thanh toán khi nó được hoàn thành",Đơn hàng từ cùng một Shop,Đã tồn tại,,,,,,Shopeevideo-Shopee
241117ENXHT83J,Đang chờ xử lý,185504610233864,2024-11-17 08:03:31,,2024-11-16 23:46:17,Dưa Hấu Yugioh,197148130,Preferred(Non-CB),8325729451,[ Phụ Kiện ] Túi 5 Thẻ Bài Lucky Random bất kì OCG AE - Tiếng nhật Anh,236721179447,Normal Product,,Sở thích & Sưu tầm,Đồ chơi - Giải trí,Đồ chơi thẻ bài & boardgame,70000,1,Shopee Comm,,70000,,0.00%,0,0.00%,0,0,0,0,0,RioMCN,1003393,0.00%,0,100.00%,0,Đang chờ xử lý,"Trạng thái của sản phẩm đang chờ xử lý, hoa hồng sẽ chỉ được thanh toán khi nó được hoàn thành",Đơn hàng từ cùng một Shop,Đã tồn tại,,,,,,Shopeevideo-Shopee
241117EN7U5N00,Đang chờ xử lý,185503848291747,2024-11-17 07:50:48,,2024-11-17 07:50:02,Shop Hương Dũng,1052152678,C2C(Non-CB),26655840419,Túi xách nữ túi tote đeo vai màu hồng chất da Pu xinh xắn mã t726,207665776752,Normal Product,,Túi Ví Nữ,Túi tote,,152000,1,Shopee Comm,,137740,,0.00%,0,0.00%,0,0,0,0,0,RioMCN,1003393,0.00%,0,100.00%,0,Đang chờ xử lý,"Trạng thái của sản phẩm đang chờ xử lý, hoa hồng sẽ chỉ được thanh toán khi nó được hoàn thành",Đơn hàng từ cùng một Shop,Đã tồn tại,,,,,,Shopeevideo-Shopee
241117EKC30Y9P,Đang chờ xử lý,185501843269387,2024-11-17 07:17:23,,2024-11-17 07:14:28,Shop Áo Dài Duy Hòa,549748262,Preferred(Non-CB),27651649289,"Áo dài truyền thống GẤM HOA GẮN NƠ cổ tròn màu hồng dịu dàng nữ tính, áo dài giáo viên hot trend 2024- áo dài DUY HÒA",226401891004,Normal Product,,Thời Trang Nữ,Đồ truyền thống,Bộ,299000,1,XTRA Comm,,296200,,0.00%,0,10.00%,29620,29620,0,29620,29620,RioMCN,1003393,0.00%,0,100.00%,29620,Đang chờ xử lý,"Trạng thái của sản phẩm đang chờ xử lý, hoa hồng sẽ chỉ được thanh toán khi nó được hoàn thành",Đơn hàng từ cùng một Shop,Đã tồn tại,,,,,,Shopeevideo-Shopee
241117EGM6MYU5,Đang chờ xử lý,185498894273480,2024-11-17 06:28:14,,2024-11-17 06:27:57,Giày của bé 365 Live 21-23H,92928273,Preferred(Non-CB),20878889813,Giày tập đi đế dẻo siêu mềm cho bé họa tiết gấu xinh xắn  vải Canvas Sz17-28 Giày của bé 365 M203,221512913713,Normal Product,,Thời trang trẻ em & trẻ sơ sinh,Giày bé gái,Giày lười,85000,1,XTRA Comm,,41500,,0.00%,0,2.00%,830,830,0,830,830,RioMCN,1003393,0.00%,0,100.00%,830,Đang chờ xử lý,"Trạng thái của sản phẩm đang chờ xử lý, hoa hồng sẽ chỉ được thanh toán khi nó được hoàn thành",Đơn hàng từ cùng một Shop,Đã tồn tại,,,,,,Shopeevideo-Shopee
241117ECQVUV6F,Đang chờ xử lý,185494723263126,2024-11-17 05:18:43,,2024-11-17 05:17:59,shushi_clothing,339678075,Preferred(Non-CB),23729587819,𝐃𝐚𝐢𝐥𝐲 - Váy Polo Thun Vải Dày ( ảnh chính chủ ),193986880691,Normal Product,,Thời Trang Nữ,Đầm,,355000,1,Shopee Comm,,330150,,0.00%,0,0.00%,0,0,0,0,0,RioMCN,1003393,0.00%,0,100.00%,0,Đang chờ xử lý,"Trạng thái của sản phẩm đang chờ xử lý, hoa hồng sẽ chỉ được thanh toán khi nó được hoàn thành",Đơn hàng từ cùng một Shop,Đã tồn tại,,,,,,Shopeevideo-Shopee
241117E9FJ1N6Q,Đang chờ xử lý,185491222254097,2024-11-17 04:20:23,,2024-11-17 04:19:44,Compliment Viet Nam,1123337629,Shopee Mall(Non-CB),24430406679,Gel Tẩy Tế Bào Chết Da Mặt Ngăn Ngừa Mụn Compliment No Problem 150ml/100ml/80ml,251094205136,Normal Product,,Sắc Đẹp,Chăm sóc da mặt,Tẩy tế bào chết,83333,1,Shopee Comm,,74999,,0.00%,0,0.00%,0,0,0,0,0,RioMCN,1003393,0.00%,0,100.00%,0,Đang chờ xử lý,"Trạng thái của sản phẩm đang chờ xử lý, hoa hồng sẽ chỉ được thanh toán khi nó được hoàn thành",Đơn hàng từ cùng một Shop,Đã tồn tại,,,,,,Shopeevideo-Shopee
241117E1T3K3KK,Đang chờ xử lý,185482986269140,2024-11-17 02:03:06,,2024-11-17 01:57:40,Bạc Xinh MAINOMI,263755940,Shopee Mall(Non-CB),2996354026,"Nước rửa trang sức Vàng Bạc thần thánh, sáng bóng như mới chỉ trong vài giây. Tiện lợi, tiết kiệm  Mainomi Shop Bạc Xinh",103571371849,Normal Product,9015411210801590188_0_0,Phụ Kiện Thời Trang,Khác,,15000,1,XTRA Comm,,12188,,0.00%,0,10.00%,1218.8,1218.8,0,6500,6500,RioMCN,1003393,0.00%,0,100.00%,6500,Đang chờ xử lý,"Trạng thái của sản phẩm đang chờ xử lý, hoa hồng sẽ chỉ được thanh toán khi nó được hoàn thành",Đơn hàng từ cùng một Shop,Đã tồn tại,,,,,,Shopeevideo-Shopee
241117E1T3K3KK,Đang chờ xử lý,185482986269140,2024-11-17 02:03:06,,2024-11-17 01:57:40,Bạc Xinh MAINOMI,263755940,Shopee Mall(Non-CB),11709796355,"Dây chuyền bạc mặt chữ cái phồng, thiết kế nhỏ xinh độc đáo có thể kết hợp đeo đôi Mainomi",151856777536,Normal Product,9015411210801590188_0_0,Phụ Kiện Thời Trang,Dây chuyền,,65000,1,XTRA Comm,,52812,,0.00%,0,10.00%,5281.2,5281.2,0,0,0,RioMCN,1003393,0.00%,0,100.00%,0,Đang chờ xử lý,"Trạng thái của sản phẩm đang chờ xử lý, hoa hồng sẽ chỉ được thanh toán khi nó được hoàn thành",Đơn hàng từ cùng một Shop,Đã tồn tại,,,,,,Shopeevideo-Shopee
241117DUVXKPTX,Đang chờ xử lý,185476639257531,2024-11-17 00:17:19,,2024-11-17 00:11:45,Unicharm - Gian hàng Chính hãng,63524190,Shopee Mall(Non-CB),23702436033,Bộ 4 gói băng vệ sinh Diana siêu thấm siêu mỏng cánh 20 miếng/gói,107632784455,Normal Product,,Sức Khỏe,Chăm sóc cá nhân,Chăm sóc phụ nữ,180000,1,Shopee Comm,,165000,,0.00%,0,0.00%,0,0,0,0,0,RioMCN,1003393,0.00%,0,100.00%,0,Đang chờ xử lý,"Trạng thái của sản phẩm đang chờ xử lý, hoa hồng sẽ chỉ được thanh toán khi nó được hoàn thành",Đơn hàng từ cùng một Shop,Đã tồn tại,,,,,,Shopeevideo-Shopee
241117DQNSQKQ9,Đang chờ xử lý,185472104297527,2024-11-16 23:01:44,,2024-11-16 22:59:57,HaChi Sneaker,1003552013,C2C(Non-CB),26855298770,"[Ảnh thật] Sục Adidas Adifom Superstar_Mule, sục đạp gót ADIFOM cao 4cm hottrend hàng S.cấp full bill box",148733662844,Normal Product,,Giày Dép Nữ,Giày đế bằng,Giày sục & Giày búp bê,179000,1,Shopee Comm,,164680,,0.00%,0,0.00%,0,0,0,0,0,RioMCN,1003393,0.00%,0,100.00%,0,Đang chờ xử lý,"Trạng thái của sản phẩm đang chờ xử lý, hoa hồng sẽ chỉ được thanh toán khi nó được hoàn thành",Đơn hàng từ cùng một Shop,Đã tồn tại,,,,,,Shopeevideo-Shopee
241116DJUT0XY0,Đã hủy,185466937219183,2024-11-16 21:35:37,--,2024-11-16 21:35:16,BEAR FIT - GẤU TẬP GYM,95946608,Preferred(Non-CB),25559013688,[ COMBO 99K ] Combo 1 cặp găng tay + 1 bình nước dung tích 600ml - Combo thể thao tập gym siêu hời,250232993947,Normal Product,,Thể Thao & Dã Ngoại,Phụ Kiện Thể Thao & Dã Ngoại,Phụ Kiện Khác,89000,0,XTRA Comm,,0,70000,0.00%,0,14.00%,0,0,0,0,0,RioMCN,1003393,0.00%,0,100.00%,0,Đã hủy,Đơn hàng bị hủy bởi người mua.,Đơn hàng từ cùng một Shop,Đã tồn tại,,,,,,Shopeevideo-Shopee
241116DEVSH0FT,Đã hủy,185462675281013,2024-11-16 20:24:35,--,2024-11-16 20:22:14,FH VALI,1198847198,Preferred(Non-CB),25921495358,"Vali, loại doanh nhân, bánh xe rời, size 20, size 24, unisex, giảm giá, khóa kéo cao cấp, khung nhôm, chống trầy xước",256334001942,Normal Product,,Du lịch & Hành lý,Vali,,259000,0,XTRA Comm,,0,238280,0.00%,0,10.00%,0,0,0,0,0,RioMCN,1003393,0.00%,0,100.00%,0,Đã hủy,Đơn hàng bị hủy bởi người mua.,Đơn hàng từ cùng một Shop,Đã tồn tại,,,,,,Shopeevideo-Shopee
241116DCM3G6KV,Đang chờ xử lý,185460236264716,2024-11-16 19:43:56,,2024-11-14 18:25:39,Shop Hương Dũng,1052152678,C2C(Non-CB),26655840419,Túi xách nữ túi tote đeo vai màu hồng chất da Pu xinh xắn mã t726,207665776752,Normal Product,,Túi Ví Nữ,Túi tote,,152000,1,Shopee Comm,,152000,,0.00%,0,0.00%,0,0,0,0,0,RioMCN,1003393,0.00%,0,100.00%,0,Đang chờ xử lý,"Trạng thái của sản phẩm đang chờ xử lý, hoa hồng sẽ chỉ được thanh toán khi nó được hoàn thành",Đơn hàng từ cùng một Shop,Đã tồn tại,,,,,,Shopeevideo-Shopee
241116DB6M6QFV,Đang chờ xử lý,185458710279281,2024-11-16 19:18:31,,2024-11-16 19:14:56,Nhà sách FAHASA,142856269,Shopee Mall(Non-CB),4238100938,Sách Life BRE A2-B1 - Student's Book With Code Spark (2nd Edition),22890592978,Normal Product,,Sách & Tạp Chí,Sách,Sách Học Ngoại Ngữ & Từ Điển,257400,1,XTRA Comm,,230400,,0.00%,0,4.00%,9216,9216,0,9216,9216,RioMCN,1003393,0.00%,0,100.00%,9216,Đang chờ xử lý,"Trạng thái của sản phẩm đang chờ xử lý, hoa hồng sẽ chỉ được thanh toán khi nó được hoàn thành",Đơn hàng từ cùng một Shop,Đã tồn tại,,,,,,Shopeevideo-Shopee
241116D9RFW4NX,Đang chờ xử lý,185457162263790,2024-11-16 18:52:42,,2024-11-16 18:52:29,Nhà Thuốc Metro Pharmacy,240106424,Preferred(Non-CB),17595522833,"Nước mắt nhân tạo Starazolin-Nước mắt nhỏ lens-Nhập khẩu Balan-Dưỡng mắt, dịu mắt giảm khô mắt-Hộp 2x5ml",206927767083,Normal Product,,Sức Khỏe,Chăm sóc cá nhân,Chăm sóc mắt,125000,2,XTRA Comm,,238000,,0.00%,0,2.00%,4760,4760,0,4760,4760,RioMCN,1003393,0.00%,0,100.00%,4760,Đang chờ xử lý,"Trạng thái của sản phẩm đang chờ xử lý, hoa hồng sẽ chỉ được thanh toán khi nó được hoàn thành",Đơn hàng từ cùng một Shop,Đã tồn tại,,,,,,Shopeevideo-Shopee
241116D6DF8HUE,Đang chờ xử lý,185453571268789,2024-11-16 17:52:51,,2024-11-16 17:52:37,GARUDA_OFFICIAL,1065762298,Shopee Mall(Non-CB),24579256492,"Máy sấy tóc chính hãng garuda cao cấp, công suất 2600w có ion âm 2 cấp độ gió 3 cấp độ nhiệt, nhựa pp chống cháy",69774746144,Normal Product,,Sắc Đẹp,Dụng cụ làm đẹp,Dụng cụ chăm sóc tóc,389000,1,XTRA Comm,,268770,,0.00%,0,2.00%,5375.4,5375.4,0,5375.4,5375.4,RioMCN,1003393,0.00%,0,100.00%,5375.4,Đang chờ xử lý,"Trạng thái của sản phẩm đang chờ xử lý, hoa hồng sẽ chỉ được thanh toán khi nó được hoàn thành",Đơn hàng từ cùng một Shop,Đã tồn tại,,,,,,Shopeevideo-Shopee
241116CV6HEHVV,Hoàn thành,185442601261403,2024-11-16 14:50:01,2024-11-17 12:16:41,2024-11-16 14:48:20,MINI.KIDS,200139407,C2C(Non-CB),22555806286,"Máy Gắp Thú Mini PHI HÀNH GIA Kích Thước Lớn Có Nhạc Và Đèn Kèm Xu Đếm Thời Gian, Có Sẵn Nhiều Thú Bông và Phụ Kiện",98916673055,Normal Product,,Mẹ & Bé,Đồ chơi,Khác,279000,1,XTRA Comm,,231012,,0.00%,0,2.00%,4620.24,4620.24,0,4620.24,4620.24,RioMCN,1003393,0.00%,0,100.00%,4620.24,Hoàn thành,,Đơn hàng từ cùng một Shop,Đã tồn tại,,,,,,Shopeevideo-Shopee
241116CV1VPJAW,Đang chờ xử lý,185442445283902,2024-11-16 14:47:26,,2024-11-13 13:32:08,LOVE LIVING,388139178,Preferred(Non-CB),22388102539,Vỏ Bọc Ghế Sofa Và Vỏ Gối Chống Trượt in Họa Tiết Thời Trang Tùy Chọn Nhiều Kích Cỡ 1/2/3/4  Vải Thun Mại Co Giãn,148460937631,Normal Product,,Nhà cửa & Đời sống,Trang trí nhà cửa,Vỏ bọc nội thất,122000,1,XTRA Comm,,120800,,0.00%,0,2.00%,2416,2416,0,2416,2416,RioMCN,1003393,0.00%,0,100.00%,2416,Đang chờ xử lý,"Trạng thái của sản phẩm đang chờ xử lý, hoa hồng sẽ chỉ được thanh toán khi nó được hoàn thành",Đơn hàng từ cùng một Shop,Đã tồn tại,,,,,,Shopeevideo-Shopee
241116CRNPTRGA,Đang chờ xử lý,185438815256865,2024-11-16 13:46:55,,2024-11-15 10:24:45,FlashLabel HN,1058887057,C2C(CB),18683957428,"Khu vực HN Máy In Nhiệt FlashLabel A318 In Khổ A7 In Đơn Hàng, Phiếu Gửi, Minicode, Logo Tự Dán",177859119211,Normal Product,,Máy tính & Laptop,Máy In & Máy Scan,Máy In Mã Vạch,160000,1,XTRA Comm,,144000,,0.00%,0,4.00%,5760,5760,0,30060,30060,RioMCN,1003393,0.00%,0,100.00%,30060,Đang chờ xử lý,"Trạng thái của sản phẩm đang chờ xử lý, hoa hồng sẽ chỉ được thanh toán khi nó được hoàn thành",Đơn hàng từ cùng một Shop,Đã tồn tại,,,,,,Shopeevideo-Shopee
241116CRNPTRGA,Đang chờ xử lý,185438815256865,2024-11-16 13:46:55,,2024-11-15 10:24:45,FlashLabel HN,1058887057,C2C(CB),18683957428,"Khu vực HN Máy In Nhiệt FlashLabel A318 In Khổ A7 In Đơn Hàng, Phiếu Gửi, Minicode, Logo Tự Dán",222018603101,Normal Product,,Máy tính & Laptop,Máy In & Máy Scan,Máy In Mã Vạch,675000,1,XTRA Comm,,607500,,0.00%,0,4.00%,24300,24300,0,0,0,RioMCN,1003393,0.00%,0,100.00%,0,Đang chờ xử lý,"Trạng thái của sản phẩm đang chờ xử lý, hoa hồng sẽ chỉ được thanh toán khi nó được hoàn thành",Đơn hàng từ cùng một Shop,Đã tồn tại,,,,,,Shopeevideo-Shopee
241116CR8N5A7D,Đang chờ xử lý,185438377293829,2024-11-16 13:39:38,,2024-11-16 13:39:01,YUKEN NỘI Y,70574166,Preferred(Non-CB),11409422589,"💖Quần Lót Nữ💖Quần Đúc Su-Thun Lạnh Không Đường May Da,Đen,Trắng Chất Liệu Cực Kì Mát Size Từ 40kg-60kg",35801680668,Normal Product,,Thời Trang Nữ,Đồ lót,Quần lót,16000,5,Shopee Comm,,65000,,0.00%,0,0.00%,0,0,0,0,0,RioMCN,1003393,0.00%,0,100.00%,0,Đang chờ xử lý,"Trạng thái của sản phẩm đang chờ xử lý, hoa hồng sẽ chỉ được thanh toán khi nó được hoàn thành",Đơn hàng từ cùng một Shop,Đã tồn tại,,,,,,Shopeevideo-Shopee
241116CQPAJD5G,Hoàn thành,185437762202741,2024-11-16 13:29:21,2024-11-17 12:16:41,2024-11-16 13:27:54,NEOSKIN - MỸ PHẨM CHÍNH HÃNG,897021737,Shopee Mall(Non-CB),23354666355,"Dầu gội khô 2in1 tắm gội không dùng nước, làm sạch và phồng tóc không gây bết tóc NEOSKIN chai xịt 160ml",166095061403,Normal Product,,Sắc Đẹp,Chăm sóc tóc,Khác,162000,1,XTRA Comm,,150560,,0.00%,0,2.00%,3011.2,3011.2,0,3011.2,3011.2,RioMCN,1003393,0.00%,0,100.00%,3011.2,Hoàn thành,,Đơn hàng từ cùng một Shop,Đã tồn tại,,,,,,Shopeevideo-Shopee
241116CP6KTAE2,Đang chờ xử lý,185436161290978,2024-11-16 13:02:41,,2024-11-16 13:02:23,BEAR FIT - GẤU TẬP GYM,95946608,Preferred(Non-CB),25559013688,[ COMBO 99K ] Combo 1 cặp găng tay + 1 bình nước dung tích 600ml - Combo thể thao tập gym siêu hời,109208147582,Normal Product,,Thể Thao & Dã Ngoại,Phụ Kiện Thể Thao & Dã Ngoại,Phụ Kiện Khác,89000,1,XTRA Comm,,85000,,0.00%,0,14.00%,11900,11900,0,11900,11900,RioMCN,1003393,0.00%,0,100.00%,11900,Đang chờ xử lý,"Trạng thái của sản phẩm đang chờ xử lý, hoa hồng sẽ chỉ được thanh toán khi nó được hoàn thành",Đơn hàng từ cùng một Shop,Đã tồn tại,,,,,,Shopeevideo-Shopee
241116CN3BHMJP,Đang chờ xử lý,185434978217141,2024-11-16 12:42:58,,2024-11-16 12:42:28,ToyJoy.VN,1211858697,Preferred(Non-CB),24370809963,【WHO IS IT】2Player Đứa Trẻ Máy Tính Để Bàn Trò Chơi Tương Tác Cho Gia Đình Giáo Dục Và Phát Triển Trí Tuệ,79465811840,Normal Product,,Mẹ & Bé,Đồ chơi,Đồ chơi giáo dục,55000,1,XTRA Comm,,55000,,0.00%,0,2.00%,1100,1100,0,1100,1100,RioMCN,1003393,0.00%,0,100.00%,1100,Đang chờ xử lý,"Trạng thái của sản phẩm đang chờ xử lý, hoa hồng sẽ chỉ được thanh toán khi nó được hoàn thành",Đơn hàng từ cùng một Shop,Đã tồn tại,,,,,,Shopeevideo-Shopee
241116CJTC0UFN,Hoàn thành,185432529235573,2024-11-16 12:02:09,2024-11-17 23:00:38,2024-11-16 12:01:31,Compliment Viet Nam,1123337629,Shopee Mall(Non-CB),24430406679,Gel Tẩy Tế Bào Chết Da Mặt Ngăn Ngừa Mụn Compliment No Problem 150ml/100ml/80ml,251094205134,Normal Product,,Sắc Đẹp,Chăm sóc da mặt,Tẩy tế bào chết,65556,1,Shopee Comm,,38300,,0.00%,0,0.00%,0,0,0,0,0,RioMCN,1003393,0.00%,0,100.00%,0,Hoàn thành,,Đơn hàng từ cùng một Shop,Đã tồn tại,,,,,,Shopeevideo-Shopee
241116CFRH535W,Đang chờ xử lý,185429246287452,2024-11-16 11:07:26,,2024-11-16 11:04:38,xuantw.vn,352971354,Preferred(CB),22269739684,Set Áo Ngực + Quần Lót Không Gọng Mềm Mại Thoải Mái In Họa Tiết Trái Cây + Quần Lót Nâng Ngực Không Đường May Cho Nữ,167684901525,Normal Product,,Thời Trang Nữ,Đồ lót,Bộ đồ lót,87000,1,Shopee Comm,,78840,,0.00%,0,0.00%,0,0,0,0,0,RioMCN,1003393,0.00%,0,100.00%,0,Đang chờ xử lý,"Trạng thái của sản phẩm đang chờ xử lý, hoa hồng sẽ chỉ được thanh toán khi nó được hoàn thành",Đơn hàng từ cùng một Shop,Đã tồn tại,,,,,,Shopeevideo-Shopee
241116CECR4SV1,Đang chờ xử lý,185427777222225,2024-11-16 10:42:57,,2024-11-16 10:35:47,HaChi Sneaker,1003552013,C2C(Non-CB),26855298770,"[Ảnh thật] Sục Adidas Adifom Superstar_Mule, sục đạp gót ADIFOM cao 4cm hottrend hàng S.cấp full bill box",148733662857,Normal Product,,Giày Dép Nữ,Giày đế bằng,Giày sục & Giày búp bê,179000,1,Shopee Comm,,164680,,0.00%,0,0.00%,0,0,0,0,0,RioMCN,1003393,0.00%,0,100.00%,0,Đang chờ xử lý,"Trạng thái của sản phẩm đang chờ xử lý, hoa hồng sẽ chỉ được thanh toán khi nó được hoàn thành",Đơn hàng từ cùng một Shop,Đã tồn tại,,,,,,Shopeevideo-Shopee
241116CCQX9EHA,Đang chờ xử lý,185426005281674,2024-11-16 10:13:25,,2024-11-16 10:10:09,Shop Chi Ha,489174980,C2C(Non-CB),23974478187,Loa Harman Kardon Aura Studio 3 - Chính hãng,236539088218,Normal Product,,Thiết Bị Âm Thanh,Dàn âm thanh,Loa,4300000,1,Shopee Comm,,4000000,,0.00%,0,0.00%,0,0,0,0,0,RioMCN,1003393,0.00%,0,100.00%,0,Đang chờ xử lý,"Trạng thái của sản phẩm đang chờ xử lý, hoa hồng sẽ chỉ được thanh toán khi nó được hoàn thành",Đơn hàng từ cùng một Shop,Đã tồn tại,,,,,,Shopeevideo-Shopee
241116CC7A4Y1R,Đang chờ xử lý,185425447299837,2024-11-16 10:04:08,,2024-11-16 10:03:15,UNDER COOL,321780372,Shopee Mall(Non-CB),24024012746,Khẩu Trang Vải lớp Chống Nắng UNDERCOOL Khẩu Trang Chống 99% tia UV UPF 50+ Logo Đổi Màu Sài Gòn - Hà Nội KT01,119138577225,Normal Product,,Phụ Kiện Thời Trang,Phụ kiện thêm,Khẩu trang thời trang,65000,1,XTRA Comm,,57200,,0.00%,0,2.00%,1144,1144,0,3432,3432,RioMCN,1003393,0.00%,0,100.00%,3432,Đang chờ xử lý,"Trạng thái của sản phẩm đang chờ xử lý, hoa hồng sẽ chỉ được thanh toán khi nó được hoàn thành",Đơn hàng từ cùng một Shop,Đã tồn tại,,,,,,Shopeevideo-Shopee
241116CC7A4Y1R,Đang chờ xử lý,185425447299837,2024-11-16 10:04:08,,2024-11-16 10:03:15,UNDER COOL,321780372,Shopee Mall(Non-CB),24024012746,Khẩu Trang Vải lớp Chống Nắng UNDERCOOL Khẩu Trang Chống 99% tia UV UPF 50+ Logo Đổi Màu Sài Gòn - Hà Nội KT01,119138577227,Normal Product,,Phụ Kiện Thời Trang,Phụ kiện thêm,Khẩu trang thời trang,65000,2,XTRA Comm,,114400,,0.00%,0,2.00%,2288,2288,0,0,0,RioMCN,1003393,0.00%,0,100.00%,0,Đang chờ xử lý,"Trạng thái của sản phẩm đang chờ xử lý, hoa hồng sẽ chỉ được thanh toán khi nó được hoàn thành",Đơn hàng từ cùng một Shop,Đã tồn tại,,,,,,Shopeevideo-Shopee
241116C9F734BJ,Đang chờ xử lý,185422491294332,2024-11-16 09:14:51,,2024-11-16 09:13:51,Compliment Viet Nam,1123337629,Shopee Mall(Non-CB),24430406679,Gel Tẩy Tế Bào Chết Da Mặt Ngăn Ngừa Mụn Compliment No Problem 150ml/100ml/80ml,251094205134,Normal Product,,Sắc Đẹp,Chăm sóc da mặt,Tẩy tế bào chết,65556,1,Shopee Comm,,54039,,0.00%,0,0.00%,0,0,0,0,0,RioMCN,1003393,0.00%,0,100.00%,0,Đang chờ xử lý,"Trạng thái của sản phẩm đang chờ xử lý, hoa hồng sẽ chỉ được thanh toán khi nó được hoàn thành",Đơn hàng từ cùng một Shop,Đã tồn tại,,,,,,Shopeevideo-Shopee
241116C9F734BJ,Đang chờ xử lý,185422491294332,2024-11-16 09:14:51,,2024-11-16 09:13:51,Compliment Viet Nam,1123337629,Shopee Mall(Non-CB),25313686786,Kem Dưỡng Ẩm Compliment No Problem 50ml Moisturizing Cream,226632313491,Normal Product,,Sắc Đẹp,Chăm sóc da mặt,Kem dưỡng ẩm,66556,1,Shopee Comm,,54861,,0.00%,0,0.00%,0,0,0,0,0,RioMCN,1003393,0.00%,0,100.00%,0,Đang chờ xử lý,"Trạng thái của sản phẩm đang chờ xử lý, hoa hồng sẽ chỉ được thanh toán khi nó được hoàn thành",Đơn hàng từ cùng một Shop,Đã tồn tại,,,,,,Shopeevideo-Shopee
241116C40XV4AW,Đang chờ xử lý,185416644207921,2024-11-16 07:37:24,,2024-11-11 16:55:46,Tiệm Bách Hóa Yanko,837714877,C2C(Non-CB),27709861564,[Chính Hãng - Có Sẵn] Hộp Mù Nhân Vật Game Genshin Impact - Blind Box Genshin Impact POPMART 2024,207894743995,Normal Product,,Sở thích & Sưu tầm,Đồ Sưu Tầm,Mô hình nhân vật,258000,1,Shopee Comm,,171000,,0.00%,0,0.00%,0,0,0,0,0,RioMCN,1003393,0.00%,0,100.00%,0,Đang chờ xử lý,"Trạng thái của sản phẩm đang chờ xử lý, hoa hồng sẽ chỉ được thanh toán khi nó được hoàn thành",Đơn hàng từ cùng một Shop,Đã tồn tại,,,,,,Shopeevideo-Shopee
241116C3XY1RYB,Đang chờ xử lý,185416577287225,2024-11-16 07:36:18,,2024-11-16 07:35:31,Total Notebook Official,1054482520,Shopee Mall(Non-CB),24573583350,(Combo 5 quyển) Vở tập sinh viên 4 oly (2.25x2.25) Total London 200 trang.Mã:SV03,251209622492,Normal Product,0_235123853824315_1,Văn Phòng Phẩm,Sổ & Giấy Các Loại,"Tập, Vở Các Loại",59375,2,Shopee Comm,,109250,,0.00%,0,0.00%,0,0,0,0,0,RioMCN,1003393,0.00%,0,100.00%,0,Đang chờ xử lý,"Trạng thái của sản phẩm đang chờ xử lý, hoa hồng sẽ chỉ được thanh toán khi nó được hoàn thành",Đơn hàng từ cùng một Shop,Đã tồn tại,,,,,,Shopeevideo-Shopee
241116C3XY1RYB,Đang chờ xử lý,185416577287225,2024-11-16 07:36:18,,2024-11-16 07:35:31,Total Notebook Official,1054482520,Shopee Mall(Non-CB),24573583350,(Combo 5 quyển) Vở tập sinh viên 4 oly (2.25x2.25) Total London 200 trang.Mã:SV03,251209622492,Normal Product,0_235123853824315_2,Văn Phòng Phẩm,Sổ & Giấy Các Loại,"Tập, Vở Các Loại",59375,2,Shopee Comm,,109250,,0.00%,0,0.00%,0,0,0,0,0,RioMCN,1003393,0.00%,0,100.00%,0,Đang chờ xử lý,"Trạng thái của sản phẩm đang chờ xử lý, hoa hồng sẽ chỉ được thanh toán khi nó được hoàn thành",Đơn hàng từ cùng một Shop,Đã tồn tại,,,,,,Shopeevideo-Shopee
241116C0FDDHA3,Đang chờ xử lý,185412834259183,2024-11-16 06:33:54,,2024-11-16 06:33:22,Orion VN Official Store,289646907,Shopee Mall(Non-CB),25828640224,Combo 5 Gói kẹo ngậm HỌNG vị quất mật ong gói 84G,185080692924,Normal Product,,Thực phẩm và đồ uống,Đồ ăn vặt,Kẹo,80000,3,Shopee Comm,,240000,,0.00%,0,0.00%,0,0,0,0,0,RioMCN,1003393,0.00%,0,100.00%,0,Đang chờ xử lý,"Trạng thái của sản phẩm đang chờ xử lý, hoa hồng sẽ chỉ được thanh toán khi nó được hoàn thành",Đơn hàng từ cùng một Shop,Đã tồn tại,,,,,,Shopeevideo-Shopee
241116BWT41HUS,Đang chờ xử lý,185409972290125,2024-11-16 05:46:12,,2024-11-16 05:43:02,thoitrangamy91,172491805,C2C(Non-CB),22573455533,Set 10 Gói Khăn Giấy Gấu Dâu Kèm Xô Gấu Dâu Siêu Xịn_XÔ GẤU DÂU,232881039894,Normal Product,,Nhà cửa & Đời sống,Dụng cụ chăm sóc nhà cửa,"Khăn giấy, giấy ướt",105000,1,Shopee Comm,,87105,,0.00%,0,0.00%,0,0,0,0,0,RioMCN,1003393,0.00%,0,100.00%,0,Đang chờ xử lý,"Trạng thái của sản phẩm đang chờ xử lý, hoa hồng sẽ chỉ được thanh toán khi nó được hoàn thành",Đơn hàng từ cùng một Shop,Đã tồn tại,,,,,,Shopeevideo-Shopee
241116BWT41HUS,Đang chờ xử lý,185409972290125,2024-11-16 05:46:12,,2024-11-16 05:43:02,thoitrangamy91,172491805,C2C(Non-CB),25470506541,"Ổ Cắm Điện Xanh USB Đa Năng Cao Cấp Chống Giật Dây Dài, 6 phích cắm 3 Cổng USB Công Suất 2500W Có Chốt An Toàn",207391586135,Normal Product,,Thiết Bị Điện Gia Dụng,Mạch điện & Phụ tùng,Ổ cắm điện & Dây nối,37000,1,Shopee Comm,,30695,,0.00%,0,0.00%,0,0,0,0,0,RioMCN,1003393,0.00%,0,100.00%,0,Đang chờ xử lý,"Trạng thái của sản phẩm đang chờ xử lý, hoa hồng sẽ chỉ được thanh toán khi nó được hoàn thành",Đơn hàng từ cùng một Shop,Đã tồn tại,,,,,,Shopeevideo-Shopee
241116BUCKGQVC,Đang chờ xử lý,185407371276517,2024-11-16 05:02:52,,2024-11-16 05:02:44,Shopee Choice Việt Nam,851157471,C2C(Non-CB),29155639342,Áo sơ mi Choice FORGIRL FG046 cổ đức dáng croptop phối túi chất liệu thô nến siêu mát,166579232171,Normal Product,,Thời Trang Nữ,Áo,Áo sơ mi,57500,1,Ưu đãi do người bán mời,,57500,,0.00%,0,15.00%,8625,8625,0,8625,8625,RioMCN,1003393,0.00%,0,100.00%,8625,Đang chờ xử lý,"Trạng thái của sản phẩm đang chờ xử lý, hoa hồng sẽ chỉ được thanh toán khi nó được hoàn thành",Đơn hàng từ cùng một Shop,Đã tồn tại,,,,,,Shopeevideo-Shopee
241116BERBUFG2,Hoàn thành,185393807243896,2024-11-16 01:16:47,2024-11-17 19:19:11,2024-11-16 00:38:36,Dan Bikini,275954116,Preferred(Non-CB),3445841141,Quần Lót Nữ Cotton viền ren gân tăm kháng khuẩn hoạ tiết viền ren điệu đà danbikini Mẫu 1735,53309377330,Normal Product,,Thời Trang Nữ,Đồ lót,Quần lót,13900,1,Shopee Comm,,12900,,0.00%,0,0.00%,0,0,0,0,0,RioMCN,1003393,0.00%,0,100.00%,0,Hoàn thành,,Đơn hàng từ cùng một Shop,Đã tồn tại,,,,,,Shopeevideo-Shopee
241116BERBUFG2,Hoàn thành,185393807243896,2024-11-16 01:16:47,2024-11-17 19:19:11,2024-11-16 00:38:36,Dan Bikini,275954116,Preferred(Non-CB),3445841141,Quần Lót Nữ Cotton viền ren gân tăm kháng khuẩn hoạ tiết viền ren điệu đà danbikini Mẫu 1735,53309377338,Normal Product,,Thời Trang Nữ,Đồ lót,Quần lót,13900,1,Shopee Comm,,12900,,0.00%,0,0.00%,0,0,0,0,0,RioMCN,1003393,0.00%,0,100.00%,0,Hoàn thành,,Đơn hàng từ cùng một Shop,Đã tồn tại,,,,,,Shopeevideo-Shopee
241116BERBUFG2,Hoàn thành,185393807243896,2024-11-16 01:16:47,2024-11-17 19:19:11,2024-11-16 00:38:36,Dan Bikini,275954116,Preferred(Non-CB),5153179233,Quần Lót Nữ Su Lụa Siêu Mỏng Không lộ viền co giãn phối ren hoa thoáng mát gợi cảm MÃ 1271,118165534190,Normal Product,,Thời Trang Nữ,Đồ lót,Quần lót,11800,1,Shopee Comm,,10900,,0.00%,0,0.00%,0,0,0,0,0,RioMCN,1003393,0.00%,0,100.00%,0,Hoàn thành,,Đơn hàng từ cùng một Shop,Đã tồn tại,,,,,,Shopeevideo-Shopee
241116BERBUFG2,Hoàn thành,185393807243896,2024-11-16 01:16:47,2024-11-17 19:19:11,2024-11-16 00:38:36,Dan Bikini,275954116,Preferred(Non-CB),15206086913,Quần Lót Nữ Cotton Dệt Kim Z182 - Quần Chip Nữ kháng khuẩn thoáng mát đính nơ xinh tôn vòng 3 gợi cảm danbikini,146146453232,Normal Product,,Thời Trang Nữ,Đồ lót,Quần lót,9900,1,Shopee Comm,,9300,,0.00%,0,0.00%,0,0,0,0,0,RioMCN,1003393,0.00%,0,100.00%,0,Hoàn thành,,Đơn hàng từ cùng một Shop,Đã tồn tại,,,,,,Shopeevideo-Shopee
241116BE851DS9,Đang chờ xử lý,185393263239423,2024-11-16 01:07:43,,2024-11-15 10:46:20,GARUDA_OFFICIAL,1065762298,Shopee Mall(Non-CB),24579256492,"Máy sấy tóc chính hãng garuda cao cấp, công suất 2600w có ion âm 2 cấp độ gió 3 cấp độ nhiệt, nhựa pp chống cháy",69774746144,Normal Product,,Sắc Đẹp,Dụng cụ làm đẹp,Dụng cụ chăm sóc tóc,389000,1,XTRA Comm,,262990,,0.00%,0,2.00%,5259.8,5259.8,0,5259.8,5259.8,RioMCN,1003393,0.00%,0,100.00%,5259.8,Đang chờ xử lý,"Trạng thái của sản phẩm đang chờ xử lý, hoa hồng sẽ chỉ được thanh toán khi nó được hoàn thành",Đơn hàng từ cùng một Shop,Đã tồn tại,,,,,,Shopeevideo-Shopee
241116BCDQV1UQ,Hoàn thành,185391303261709,2024-11-16 00:35:03,2024-11-17 15:46:09,2024-11-16 00:33:59,HaChi Sneaker,1003552013,C2C(Non-CB),26855298770,"[Ảnh thật] Sục Adidas Adifom Superstar_Mule, sục đạp gót ADIFOM cao 4cm hottrend hàng S.cấp full bill box",148733662845,Normal Product,,Giày Dép Nữ,Giày đế bằng,Giày sục & Giày búp bê,145000,1,Shopee Comm,,119200,,0.00%,0,0.00%,0,0,0,0,0,RioMCN,1003393,0.00%,0,100.00%,0,Hoàn thành,,Đơn hàng từ cùng một Shop,Đã tồn tại,,,,,,Shopeevideo-Shopee
241116BBQAQ5T0,Đã hủy,185390551279628,2024-11-16 00:22:32,--,2024-11-16 00:21:25,Tớ Chọn Tài Chính,6915796,Preferred(Non-CB),13530305760,Gel Dưỡng Ẩm DERMARIUM EASE GEL CREAM,131353998847,Normal Product,,Sắc Đẹp,Chăm sóc da mặt,Kem dưỡng ẩm,280000,0,Shopee Comm,,0,238000,0.00%,0,0.00%,0,0,0,0,0,RioMCN,1003393,0.00%,0,100.00%,0,Đã hủy,Đơn hàng bị hủy bởi người mua.,Đơn hàng từ cùng một Shop,Đã tồn tại,,,,,,Shopeevideo-Shopee
241116BAJUCJ57,Đang chờ xử lý,185389327240415,2024-11-16 00:02:08,,2024-11-16 00:01:50,Bum House Cosmetics Official,598813572,Shopee Mall(Non-CB),25805525773,Kem chống nắng BEPLAIN Sunmuse lai Vật Lý & Hoá Học Nâng Tone & Hiệu chỉnh da SPF 50+ PA++++ 50ML (Màu Tím),158553658977,Normal Product,,Sắc Đẹp,Chăm sóc da mặt,Kem chống nắng cho mặt,269990,1,Shopee Comm,,209990,,0.00%,0,0.00%,0,0,0,0,0,RioMCN,1003393,0.00%,0,100.00%,0,Đang chờ xử lý,"Trạng thái của sản phẩm đang chờ xử lý, hoa hồng sẽ chỉ được thanh toán khi nó được hoàn thành",Đơn hàng từ cùng một Shop,Đã tồn tại,,,,,,Shopeevideo-Shopee
241116BAJPN773,Đang chờ xử lý,185389322283326,2024-11-16 00:02:03,,2024-11-13 04:31:45,Bạc Xinh MAINOMI,263755940,Shopee Mall(Non-CB),11709796355,"Dây chuyền bạc mặt chữ cái phồng, thiết kế nhỏ xinh độc đáo có thể kết hợp đeo đôi Mainomi",151856777535,Normal Product,,Phụ Kiện Thời Trang,Dây chuyền,,65000,1,XTRA Comm,,45000,,0.00%,0,10.00%,4500,4500,0,4500,4500,RioMCN,1003393,0.00%,0,100.00%,4500,Đang chờ xử lý,"Trạng thái của sản phẩm đang chờ xử lý, hoa hồng sẽ chỉ được thanh toán khi nó được hoàn thành",Đơn hàng từ cùng một Shop,Đã tồn tại,,,,,,Shopeevideo-Shopee
241116BAH7V9KB,Đang chờ xử lý,185389273235504,2024-11-16 00:01:13,,2024-11-16 00:00:01,SUHA Home Decor,912252169,Preferred(Non-CB),22469527453,"Đệm ngủ văn phòng nệm văn phòng gấp gọn có thể sử dùng ngủ trưa, đi du lịch kích thước 70x190cm dày 1,5cm - Suha decor",204371928259,Normal Product,,Nhà cửa & Đời sống,Chăn ga gối nệm,Nệm,215000,1,XTRA Comm,,176300,,0.00%,0,2.00%,3526,3526,0,3526,3526,RioMCN,1003393,0.00%,0,100.00%,3526,Đang chờ xử lý,"Trạng thái của sản phẩm đang chờ xử lý, hoa hồng sẽ chỉ được thanh toán khi nó được hoàn thành",Đơn hàng từ cùng một Shop,Đã tồn tại,,,,,,Shopeevideo-Shopee
